step,train_loss,val_loss,learning_rate,temperature,grad_norm,step_time_sec
1,5.0973,,1.000000e-06,0.0700,16.5991,43.3986
111,4.8513,,1.110000e-04,0.0703,0.3317,0.8754
112,4.8575,,1.120000e-04,0.0703,0.3505,1.3587
2,5.2439,,2.000000e-06,0.0700,20.9373,2.5942
113,4.8486,,1.130000e-04,0.0703,0.3711,0.9839
3,5.1129,,3.000000e-06,0.0700,25.8356,0.8990
114,4.8399,,1.140000e-04,0.0703,0.3707,1.1559
4,5.2189,,4.000000e-06,0.0700,20.7550,1.0715
115,4.8529,,1.150000e-04,0.0703,0.3675,1.0649
5,5.1066,,5.000000e-06,0.0700,16.8266,1.4669
116,4.8511,,1.160000e-04,0.0703,0.3445,1.3233
6,5.0670,,6.000000e-06,0.0700,11.5184,0.8546
117,4.8652,,1.170000e-04,0.0703,0.4193,0.9630
7,5.0943,,7.000000e-06,0.0700,10.1174,0.9305
118,4.8478,,1.180000e-04,0.0703,0.3488,1.1579
8,5.1007,,8.000000e-06,0.0700,8.7893,1.1412
119,4.8588,,1.190000e-04,0.0703,0.3426,0.9001
9,5.0749,,9.000000e-06,0.0700,12.0829,0.8316
120,4.8557,,1.200000e-04,0.0703,0.4029,0.8623
10,5.0288,,1.000000e-05,0.0700,10.9002,1.0174
200,4.8001,4.8180,2.000000e-04,0.0705,1.1103,0.9318
121,4.8519,,1.210000e-04,0.0703,0.3162,1.3390
11,5.1379,,1.100000e-05,0.0700,12.7760,1.8288
122,4.8499,,1.220000e-04,0.0703,0.3750,1.5634
12,5.0345,,1.200000e-05,0.0700,10.2282,1.0598
123,4.8483,,1.230000e-04,0.0703,0.3356,1.2965
13,5.0039,,1.300000e-05,0.0700,10.3081,1.0401
124,4.8448,,1.240000e-04,0.0703,0.3390,1.0825
14,5.0700,,1.400000e-05,0.0700,7.0176,1.0635
125,4.8582,,1.250000e-04,0.0703,0.3426,1.4100
15,4.9742,,1.500000e-05,0.0700,7.4119,1.3302
126,4.8566,,1.260000e-04,0.0703,0.3579,0.9139
16,4.9822,,1.600000e-05,0.0700,5.7546,0.9024
127,4.8538,,1.270000e-04,0.0703,0.3316,1.2800
17,4.9448,,1.700000e-05,0.0700,5.4611,1.1378
18,4.9840,,1.800000e-05,0.0700,6.5852,1.0048
128,4.8534,,1.280000e-04,0.0703,0.3544,1.0408
19,5.0018,,1.900000e-05,0.0700,7.3085,0.9723
129,4.8530,,1.290000e-04,0.0703,0.3303,1.0793
20,4.9781,,2.000000e-05,0.0700,7.5703,1.1113
130,4.8651,,1.300000e-04,0.0703,0.4215,1.1306
21,4.9344,,2.100000e-05,0.0700,5.5506,1.0302
131,4.8516,,1.310000e-04,0.0703,0.2985,0.8942
22,4.9373,,2.200000e-05,0.0700,4.2774,1.0245
132,4.8515,,1.320000e-04,0.0703,0.3192,1.0023
23,4.9423,,2.300000e-05,0.0700,4.2474,0.6667
133,4.8471,,1.330000e-04,0.0703,0.2890,0.7586
24,4.9031,,2.400000e-05,0.0700,3.8658,0.8473
134,4.8524,,1.340000e-04,0.0704,0.2970,0.8670
25,4.9589,,2.500000e-05,0.0700,4.7597,1.7254
135,4.8584,,1.350000e-04,0.0704,0.3033,1.7196
26,4.9193,,2.600000e-05,0.0700,3.3383,1.1597
136,4.8501,,1.360000e-04,0.0704,0.3179,1.1225
137,4.8480,,1.370000e-04,0.0704,0.3182,0.9585
27,4.9386,,2.700000e-05,0.0700,3.5849,1.0786
28,4.9453,,2.800000e-05,0.0700,3.3266,1.1318
138,4.8552,,1.380000e-04,0.0704,0.3153,1.1409
139,4.8477,,1.390000e-04,0.0704,0.3775,1.1242
29,4.9471,,2.900000e-05,0.0700,3.5993,1.1257
30,4.8951,,3.000000e-05,0.0700,3.5738,1.1244
140,4.8476,,1.400000e-04,0.0704,0.3015,1.1614
31,4.8969,,3.100000e-05,0.0700,3.4178,0.8708
141,4.8391,,1.410000e-04,0.0704,0.3235,0.8915
32,4.9257,,3.200000e-05,0.0700,2.9473,1.1905
142,4.8471,,1.420000e-04,0.0704,0.3441,1.6169
33,4.8804,,3.300000e-05,0.0700,2.2623,1.2285
143,4.8498,,1.430000e-04,0.0704,0.3267,1.5127
34,4.9276,,3.400000e-05,0.0700,2.4156,1.5330
144,4.8566,,1.440000e-04,0.0704,0.3278,1.3936
35,4.8677,,3.500000e-05,0.0700,2.3091,1.1586
145,4.8508,,1.450000e-04,0.0704,0.3578,1.0027
36,4.8935,,3.600000e-05,0.0700,2.0821,1.5085
146,4.8529,,1.460000e-04,0.0704,0.3192,1.7741
37,4.8923,,3.700000e-05,0.0701,1.9940,1.4178
147,4.8464,,1.470000e-04,0.0704,0.3408,1.0571
38,4.8729,,3.800000e-05,0.0701,1.6119,0.8505
148,4.8359,,1.480000e-04,0.0704,0.4070,0.8562
39,4.8738,,3.900000e-05,0.0701,1.7737,1.0944
149,4.8427,,1.490000e-04,0.0704,0.3797,1.2418
40,4.8707,,4.000000e-05,0.0701,1.5749,1.1994
150,4.8405,,1.500000e-04,0.0704,0.3542,1.0290
41,4.8770,,4.100000e-05,0.0701,1.6830,1.0329
151,4.8453,,1.510000e-04,0.0704,0.3564,1.0748
42,4.8617,,4.200000e-05,0.0701,1.5331,0.9683
152,4.8393,,1.520000e-04,0.0704,0.4087,0.9774
43,4.8779,,4.300000e-05,0.0701,1.4422,1.0283
153,4.8393,,1.530000e-04,0.0704,0.4275,1.0671
44,4.8780,,4.400000e-05,0.0701,1.4668,1.0698
154,4.8496,,1.540000e-04,0.0704,0.4266,1.0814
45,4.8478,,4.500000e-05,0.0701,1.2638,1.0343
155,4.8539,,1.550000e-04,0.0704,0.4975,0.9721
46,4.8569,,4.600000e-05,0.0701,1.1473,1.1829
156,4.8511,,1.560000e-04,0.0704,0.4977,1.0924
47,4.8617,,4.700000e-05,0.0701,1.2756,1.2445
157,4.8251,,1.570000e-04,0.0704,0.5347,1.0830
48,4.8378,,4.800000e-05,0.0701,1.2318,0.8392
158,4.8492,,1.580000e-04,0.0704,0.5337,0.8180
1,5.1905,,1.000000e-06,0.0700,21.2406,54.2881
49,4.8697,,4.900000e-05,0.0701,1.1480,1.0183
159,4.8644,,1.590000e-04,0.0704,0.6030,1.0800
50,4.8435,,5.000000e-05,0.0701,1.1288,1.1545
160,4.8433,,1.600000e-04,0.0704,0.7409,1.0988
2,5.1351,,2.000000e-06,0.0700,24.3686,2.7066
51,4.8743,,5.100000e-05,0.0701,1.1092,1.1614
161,4.8490,,1.610000e-04,0.0704,0.7104,0.9925
3,5.1790,,3.000000e-06,0.0700,21.7197,1.0322
52,4.8658,,5.200000e-05,0.0701,1.1836,1.0847
162,4.8670,,1.620000e-04,0.0704,0.6073,1.1168
4,5.1336,,4.000000e-06,0.0700,22.0424,0.8380
53,4.8867,,5.300000e-05,0.0701,1.3984,0.9353
163,4.8567,,1.630000e-04,0.0704,0.6262,1.1154
5,5.1332,,5.000000e-06,0.0700,16.4918,1.0268
54,4.8499,,5.400000e-05,0.0701,0.9850,1.2035
6,5.2013,,6.000000e-06,0.0700,16.3128,1.2131
164,4.8465,,1.640000e-04,0.0704,0.6315,1.5474
55,4.8593,,5.500000e-05,0.0701,1.0163,1.2006
7,5.1259,,7.000000e-06,0.0700,15.0093,1.3910
165,4.8708,,1.650000e-04,0.0704,0.7895,1.6574
56,4.8346,,5.600000e-05,0.0701,0.9883,1.3773
8,5.0768,,8.000000e-06,0.0700,9.9657,1.1440
166,4.8528,,1.660000e-04,0.0704,0.5659,1.3274
57,4.8475,,5.700000e-05,0.0701,1.0176,1.1742
9,5.1369,,9.000000e-06,0.0700,9.6912,1.2741
167,4.8341,,1.670000e-04,0.0704,0.5088,1.6774
58,4.8571,,5.800000e-05,0.0701,0.8997,1.6001
10,5.2141,,1.000000e-05,0.0700,11.4326,1.4335
59,4.8621,,5.900000e-05,0.0701,0.8998,1.3984
11,5.0976,,1.100000e-05,0.0700,10.9761,1.2615
168,4.8473,,1.680000e-04,0.0704,0.4669,1.8630
60,4.8607,,6.000000e-05,0.0701,0.8978,1.3467
12,5.0806,,1.200000e-05,0.0700,9.8949,1.1382
169,4.8218,,1.690000e-04,0.0704,0.5984,1.0913
61,4.8759,,6.100000e-05,0.0701,1.2233,1.4946
13,5.0283,,1.300000e-05,0.0700,10.6420,1.5790
170,4.8422,,1.700000e-04,0.0704,0.4390,1.6118
62,4.8562,,6.200000e-05,0.0701,0.9924,1.9584
14,5.0634,,1.400000e-05,0.0700,10.0378,1.8650
171,4.8441,,1.710000e-04,0.0704,0.5020,1.9415
15,4.9487,,1.500000e-05,0.0700,7.7308,1.0997
63,4.8559,,6.300000e-05,0.0701,0.9022,1.3544
172,4.8622,,1.720000e-04,0.0704,0.6493,1.2883
16,5.0228,,1.600000e-05,0.0700,6.0658,1.1061
64,4.8466,,6.400000e-05,0.0701,0.8254,1.8041
173,4.8463,,1.730000e-04,0.0705,0.4997,1.7936
17,5.0286,,1.700000e-05,0.0700,6.8423,1.5493
65,4.8656,,6.500000e-05,0.0701,0.7928,2.5543
174,4.8433,,1.740000e-04,0.0705,0.4757,2.6376
18,5.0029,,1.800000e-05,0.0700,6.0291,2.2532
66,4.8625,,6.600000e-05,0.0701,0.9058,1.5151
175,4.8520,,1.750000e-04,0.0705,0.6273,1.8586
19,4.9905,,1.900000e-05,0.0700,6.7727,1.9383
67,4.8792,,6.700000e-05,0.0701,0.7438,1.9494
176,4.8426,,1.760000e-04,0.0705,0.5204,1.9960
20,5.0449,,2.000000e-05,0.0700,7.6415,1.7317
68,4.8454,,6.800000e-05,0.0702,0.6894,0.9108
177,4.8656,,1.770000e-04,0.0705,0.5948,1.2467
21,4.9444,,2.100000e-05,0.0700,6.7268,1.1932
69,4.8508,,6.900000e-05,0.0702,0.6970,1.5214
178,4.8649,,1.780000e-04,0.0705,0.6777,2.0086
22,4.9252,,2.200000e-05,0.0700,5.9227,2.3207
70,4.8631,,7.000000e-05,0.0702,0.6647,2.4654
23,4.9827,,2.300000e-05,0.0700,4.8877,2.2381
179,4.8446,,1.790000e-04,0.0705,0.4487,2.7103
71,4.8619,,7.100000e-05,0.0702,0.6619,2.6048
24,4.9721,,2.400000e-05,0.0700,5.7040,1.3555
180,4.8653,,1.800000e-04,0.0705,0.4260,1.5096
25,4.9200,,2.500000e-05,0.0700,3.7799,1.1719
72,4.8620,,7.200000e-05,0.0702,0.7093,1.2767
181,4.8630,,1.810000e-04,0.0705,0.4161,1.0510
26,4.9498,,2.600000e-05,0.0700,3.7781,1.7522
73,4.8562,,7.300000e-05,0.0702,0.6549,2.0529
182,4.8546,,1.820000e-04,0.0705,0.3429,2.1337
27,4.9183,,2.700000e-05,0.0700,3.1114,4.1859
74,4.8533,,7.400000e-05,0.0702,0.6604,4.0439
183,4.8468,,1.830000e-04,0.0705,0.3122,3.8296
75,4.8759,,7.500000e-05,0.0702,0.6826,2.5451
184,4.8512,,1.840000e-04,0.0705,0.4381,2.5401
28,4.9251,,2.800000e-05,0.0700,3.4541,2.7840
29,4.9324,,2.900000e-05,0.0700,3.3578,2.6543
76,4.8664,,7.600000e-05,0.0702,0.5963,2.9204
185,4.8485,,1.850000e-04,0.0705,0.3488,2.9642
30,4.9403,,3.000000e-05,0.0700,3.5745,1.5264
77,4.8648,,7.700000e-05,0.0702,0.8421,1.7497
186,4.8445,,1.860000e-04,0.0705,0.3423,1.8545
31,4.9163,,3.100000e-05,0.0700,2.6251,2.5570
187,4.8439,,1.870000e-04,0.0705,0.2758,2.7827
78,4.8647,,7.800000e-05,0.0702,0.5342,3.1154
32,4.9010,,3.200000e-05,0.0700,2.7854,2.7840
79,4.8645,,7.900000e-05,0.0702,0.6343,2.5646
188,4.8537,,1.880000e-04,0.0705,0.3140,2.8255
33,4.9145,,3.300000e-05,0.0700,2.8134,1.9569
189,4.8394,,1.890000e-04,0.0705,0.2668,2.1220
80,4.8482,,8.000000e-05,0.0702,0.5668,2.3442
34,4.9080,,3.400000e-05,0.0700,2.2495,2.4423
81,4.8487,,8.100000e-05,0.0702,0.5241,2.7242
190,4.8390,,1.900000e-04,0.0706,0.3075,2.8337
35,4.8726,,3.500000e-05,0.0700,2.1390,2.3614
191,4.8431,,1.910000e-04,0.0706,0.2654,2.7076
82,4.8610,,8.200000e-05,0.0702,0.5138,2.7213
36,4.8926,,3.600000e-05,0.0701,1.8482,4.1000
192,4.8514,,1.920000e-04,0.0706,0.3349,3.0819
83,4.8563,,8.300000e-05,0.0702,0.5041,3.1807
37,4.8620,,3.700000e-05,0.0701,2.4075,2.1120
193,4.8513,,1.930000e-04,0.0706,0.2755,2.4247
84,4.8601,,8.400000e-05,0.0702,0.4780,2.9908
38,4.8820,,3.800000e-05,0.0701,1.9647,2.7295
194,4.8558,,1.940000e-04,0.0706,0.3054,2.5584
85,4.8533,,8.500000e-05,0.0702,0.5492,2.4089
39,4.8634,,3.900000e-05,0.0701,1.5945,2.2638
195,4.8486,,1.950000e-04,0.0706,0.2962,2.7249
86,4.8576,,8.600000e-05,0.0702,0.4496,2.7662
40,4.8776,,4.000000e-05,0.0701,1.7665,3.4059
196,4.8395,,1.960000e-04,0.0706,0.2860,2.4411
87,4.8544,,8.700000e-05,0.0702,0.4827,2.1907
41,4.8860,,4.100000e-05,0.0701,1.5657,1.7013
197,4.8283,,1.970000e-04,0.0706,0.3654,2.2611
88,4.8517,,8.800000e-05,0.0702,0.4392,2.1560
42,4.8744,,4.200000e-05,0.0701,1.5722,2.2433
198,4.8520,,1.980000e-04,0.0706,0.2591,2.4700
89,4.8571,,8.900000e-05,0.0702,0.4581,2.6180
43,4.8765,,4.300000e-05,0.0701,1.3081,2.3494
199,4.8352,,1.990000e-04,0.0706,0.2965,2.3427
90,4.8491,,9.000000e-05,0.0702,0.3874,2.3659
44,4.8697,,4.400000e-05,0.0701,1.3225,2.7935
91,4.8512,,9.100000e-05,0.0702,0.4512,2.8266
45,4.8729,,4.500000e-05,0.0701,1.5260,2.6363
92,4.8593,,9.200000e-05,0.0702,0.3906,2.7438
46,4.8775,,4.600000e-05,0.0701,1.2514,2.6557
93,4.8503,,9.300000e-05,0.0702,0.4151,1.9782
47,4.8700,,4.700000e-05,0.0701,1.7128,2.0016
94,4.8504,,9.400000e-05,0.0702,0.3944,2.4423
48,4.8586,,4.800000e-05,0.0701,1.1848,2.2424
95,4.8652,,9.500000e-05,0.0702,0.4239,2.4376
49,4.8897,,4.900000e-05,0.0701,1.6106,2.6386
96,4.8396,,9.600000e-05,0.0703,0.4840,2.4385
50,4.8713,,5.000000e-05,0.0701,1.4522,3.0140
97,4.8567,,9.700000e-05,0.0703,0.3633,2.2221
51,4.8580,,5.100000e-05,0.0701,1.1421,0.9746
98,4.8549,,9.800000e-05,0.0703,0.3680,1.0507
52,4.8569,,5.200000e-05,0.0701,1.0457,1.2194
99,4.8519,,9.900000e-05,0.0703,0.4172,1.1494
53,4.8831,,5.300000e-05,0.0701,1.1928,0.8506
100,4.8467,,1.000000e-04,0.0703,0.4087,0.9168
54,4.8624,,5.400000e-05,0.0701,1.1938,0.9655
101,4.8472,,1.010000e-04,0.0703,0.3724,1.1551
55,4.8747,,5.500000e-05,0.0701,1.0683,1.0030
102,4.8475,,1.020000e-04,0.0703,0.3789,1.0127
56,4.8613,,5.600000e-05,0.0701,1.1097,0.9545
200,4.8475,4.8239,2.000000e-04,0.0706,0.3379,2.8732
103,4.8433,,1.030000e-04,0.0703,0.3928,1.1036
57,4.8552,,5.700000e-05,0.0701,1.2773,1.0921
104,4.8480,,1.040000e-04,0.0703,0.4174,1.1162
58,4.8592,,5.800000e-05,0.0701,0.8881,0.9497
59,4.8713,,5.900000e-05,0.0701,0.8819,1.2013
105,4.8493,,1.050000e-04,0.0703,0.4645,1.3153
60,4.8562,,6.000000e-05,0.0701,1.2223,0.8707
106,4.8508,,1.060000e-04,0.0703,0.3884,0.9003
61,4.8695,,6.100000e-05,0.0701,0.8897,0.7484
107,4.8563,,1.070000e-04,0.0703,0.4290,0.8395
62,4.8562,,6.200000e-05,0.0701,0.7488,0.8325
108,4.8310,,1.080000e-04,0.0703,0.5821,0.9740
63,4.8570,,6.300000e-05,0.0701,1.0530,1.3742
109,4.8574,,1.090000e-04,0.0703,0.4641,1.2701
64,4.8678,,6.400000e-05,0.0701,0.8604,1.0300
110,4.8517,,1.100000e-04,0.0703,0.4328,0.9952
65,4.8621,,6.500000e-05,0.0701,0.8552,0.7021
111,4.8370,,1.110000e-04,0.0703,0.5447,0.7720
66,4.8588,,6.600000e-05,0.0702,0.9230,0.7378
112,4.8526,,1.120000e-04,0.0703,0.4815,1.0494
67,4.8631,,6.700000e-05,0.0702,1.0958,1.1424
113,4.8426,,1.130000e-04,0.0703,0.5092,0.8659
68,4.8413,,6.800000e-05,0.0702,0.7560,1.0455
114,4.8579,,1.140000e-04,0.0703,0.4693,0.9722
69,4.8615,,6.900000e-05,0.0702,0.6139,0.6528
115,4.8411,,1.150000e-04,0.0703,0.4849,0.7265
70,4.8460,,7.000000e-05,0.0702,0.6706,0.5820
116,4.8502,,1.160000e-04,0.0703,0.4691,0.6560
71,4.8710,,7.100000e-05,0.0702,0.8188,0.6056
117,4.8664,,1.170000e-04,0.0703,0.5232,0.6715
72,4.8563,,7.200000e-05,0.0702,0.6253,0.6369
118,4.8637,,1.180000e-04,0.0703,0.5509,0.6268
73,4.8703,,7.300000e-05,0.0702,0.7426,0.6037
119,4.8452,,1.190000e-04,0.0703,0.6354,0.6610
74,4.8569,,7.400000e-05,0.0702,0.6068,0.6001
120,4.8489,,1.200000e-04,0.0703,0.5496,0.6651
75,4.8546,,7.500000e-05,0.0702,0.5690,0.6055
121,4.8508,,1.210000e-04,0.0703,0.5532,0.6355
76,4.8563,,7.600000e-05,0.0702,0.5521,0.6337
122,4.8611,,1.220000e-04,0.0703,0.5859,0.6650
77,4.8538,,7.700000e-05,0.0702,0.6043,0.6414
123,4.8536,,1.230000e-04,0.0703,0.6026,0.6492
78,4.8570,,7.800000e-05,0.0702,0.7201,0.6827
124,4.8521,,1.240000e-04,0.0703,0.5604,0.7662
79,4.8600,,7.900000e-05,0.0702,0.6641,0.7369
125,4.8610,,1.250000e-04,0.0703,0.6553,0.7094
80,4.8634,,8.000000e-05,0.0702,0.5440,0.6742
126,4.8484,,1.260000e-04,0.0703,0.4751,0.6190
81,4.8604,,8.100000e-05,0.0702,0.5785,0.6074
127,4.8635,,1.270000e-04,0.0703,0.5692,0.6848
82,4.8732,,8.200000e-05,0.0702,0.6144,0.6580
128,4.8505,,1.280000e-04,0.0703,0.5034,0.7203
83,4.8646,,8.300000e-05,0.0702,0.5479,0.6469
84,4.8629,,8.400000e-05,0.0702,0.4353,0.7504
129,4.8691,,1.290000e-04,0.0703,0.6189,0.8186
85,4.8557,,8.500000e-05,0.0702,0.4302,0.6275
130,4.8516,,1.300000e-04,0.0703,0.4128,0.7263
86,4.8571,,8.600000e-05,0.0702,0.4189,0.5505
131,4.8578,,1.310000e-04,0.0704,0.5197,0.6147
87,4.8688,,8.700000e-05,0.0702,0.3944,0.5950
132,4.8417,,1.320000e-04,0.0704,0.4159,0.6790
88,4.8471,,8.800000e-05,0.0702,0.4630,0.6079
133,4.8535,,1.330000e-04,0.0704,0.4372,0.6409
89,4.8582,,8.900000e-05,0.0702,0.4046,0.6313
134,4.8453,,1.340000e-04,0.0704,0.4026,0.6771
90,4.8462,,9.000000e-05,0.0702,0.4489,0.6251
135,4.8590,,1.350000e-04,0.0704,0.3954,0.7549
91,4.8595,,9.100000e-05,0.0702,0.4102,0.6892
136,4.8325,,1.360000e-04,0.0704,0.4592,0.6822
92,4.8560,,9.200000e-05,0.0702,0.4111,0.6992
137,4.8698,,1.370000e-04,0.0704,0.4137,0.7116
93,4.8449,,9.300000e-05,0.0703,0.3462,0.6905
138,4.8562,,1.380000e-04,0.0704,0.3908,0.6957
94,4.8501,,9.400000e-05,0.0703,0.3704,0.6433
139,4.8481,,1.390000e-04,0.0704,0.3643,1.1262
95,4.8560,,9.500000e-05,0.0703,0.3357,1.1795
96,4.8592,,9.600000e-05,0.0703,0.3459,0.8330
140,4.8486,,1.400000e-04,0.0704,0.3540,1.0215
97,4.8599,,9.700000e-05,0.0703,0.3624,0.6530
141,4.8452,,1.410000e-04,0.0704,0.3185,0.7201
98,4.8460,,9.800000e-05,0.0703,0.3694,0.6793
142,4.8476,,1.420000e-04,0.0704,0.3468,0.7510
99,4.8503,,9.900000e-05,0.0703,0.3461,0.6239
143,4.8501,,1.430000e-04,0.0704,0.3482,0.6625
100,4.8577,,1.000000e-04,0.0703,0.3473,0.6493
144,4.8432,,1.440000e-04,0.0704,0.3590,0.7365
101,4.8496,,1.010000e-04,0.0703,0.2933,0.7195
145,4.8495,,1.450000e-04,0.0704,0.3307,0.7911
102,4.8557,,1.020000e-04,0.0703,0.3150,0.7487
146,4.8515,,1.460000e-04,0.0704,0.3434,0.8079
103,4.8568,,1.030000e-04,0.0703,0.3045,0.7035
147,4.8490,,1.470000e-04,0.0704,0.3585,0.7332
104,4.8459,,1.040000e-04,0.0703,0.2797,0.6860
148,4.8527,,1.480000e-04,0.0704,0.3402,0.8997
105,4.8524,,1.050000e-04,0.0703,0.3658,0.7063
149,4.8508,,1.490000e-04,0.0704,0.3623,0.7439
106,4.8550,,1.060000e-04,0.0703,0.3069,0.7061
107,4.8601,,1.070000e-04,0.0703,0.3138,0.7019
150,4.8498,,1.500000e-04,0.0704,0.3191,0.7801
108,4.8511,,1.080000e-04,0.0703,0.3149,0.9119
151,4.8486,,1.510000e-04,0.0704,0.3461,0.9008
109,4.8541,,1.090000e-04,0.0703,0.3547,1.0525
152,4.8615,,1.520000e-04,0.0704,0.3968,1.0572
110,4.8592,,1.100000e-04,0.0703,0.2995,0.9205
153,4.8467,,1.530000e-04,0.0704,0.2981,0.9385
111,4.8565,,1.110000e-04,0.0703,0.3158,0.7945
154,4.8386,,1.540000e-04,0.0704,0.4120,0.8827
112,4.8506,,1.120000e-04,0.0703,0.2958,0.7583
155,4.8577,,1.550000e-04,0.0704,0.3147,0.8069
113,4.8552,,1.130000e-04,0.0703,0.3127,0.9052
156,4.8588,,1.560000e-04,0.0704,0.3482,0.9418
114,4.8479,,1.140000e-04,0.0703,0.2646,1.2804
157,4.8446,,1.570000e-04,0.0704,0.3455,2.0259
115,4.8474,,1.150000e-04,0.0703,0.2753,1.9790
158,4.8424,,1.580000e-04,0.0704,0.3557,1.1168
116,4.8499,,1.160000e-04,0.0703,0.2650,2.0129
159,4.8477,,1.590000e-04,0.0704,0.3395,2.0704
117,4.8538,,1.170000e-04,0.0703,0.2880,1.5916
160,4.8475,,1.600000e-04,0.0704,0.3873,1.5675
118,4.8565,,1.180000e-04,0.0703,0.3276,1.5375
161,4.8477,,1.610000e-04,0.0704,0.3713,1.6295
119,4.8476,,1.190000e-04,0.0703,0.2805,1.2194
162,4.8351,,1.620000e-04,0.0704,0.4268,1.3587
120,4.8440,,1.200000e-04,0.0703,0.2604,1.9861
163,4.8444,,1.630000e-04,0.0704,0.4392,1.9238
121,4.8518,,1.210000e-04,0.0703,0.2912,1.3129
164,4.8521,,1.640000e-04,0.0704,0.4477,1.2360
122,4.8552,,1.220000e-04,0.0703,0.2616,1.5778
165,4.8454,,1.650000e-04,0.0705,0.4868,2.0830
123,4.8531,,1.230000e-04,0.0703,0.3018,1.5438
166,4.8346,,1.660000e-04,0.0705,0.4656,1.2493
124,4.8518,,1.240000e-04,0.0703,0.2659,1.1551
167,4.8462,,1.670000e-04,0.0705,0.5156,1.2768
125,4.8509,,1.250000e-04,0.0703,0.2609,1.3516
168,4.8527,,1.680000e-04,0.0705,0.5176,1.3980
126,4.8494,,1.260000e-04,0.0703,0.2705,1.1870
169,4.8359,,1.690000e-04,0.0705,0.5116,1.1735
127,4.8507,,1.270000e-04,0.0703,0.2681,1.2031
170,4.8287,,1.700000e-04,0.0705,0.5832,1.8445
128,4.8542,,1.280000e-04,0.0704,0.2596,2.1614
171,4.8399,,1.710000e-04,0.0705,0.6167,2.0637
129,4.8527,,1.290000e-04,0.0704,0.2940,1.6705
172,4.8282,,1.720000e-04,0.0705,0.7376,1.1602
130,4.8558,,1.300000e-04,0.0704,0.2955,1.3668
173,4.8569,,1.730000e-04,0.0705,0.8355,1.5860
131,4.8525,,1.310000e-04,0.0704,0.2716,1.4759
174,4.8582,,1.740000e-04,0.0705,0.7792,1.5795
132,4.8504,,1.320000e-04,0.0704,0.2918,1.3325
175,4.8557,,1.750000e-04,0.0705,0.8690,1.1176
133,4.8506,,1.330000e-04,0.0704,0.3020,1.1683
176,4.8651,,1.760000e-04,0.0705,0.8720,1.2365
134,4.8521,,1.340000e-04,0.0704,0.2964,1.3916
177,4.8699,,1.770000e-04,0.0705,0.8187,1.4110
135,4.8467,,1.350000e-04,0.0704,0.3094,1.5392
178,4.8476,,1.780000e-04,0.0705,0.6670,1.6038
136,4.8551,,1.360000e-04,0.0704,0.2923,1.2849
179,4.8474,,1.790000e-04,0.0705,0.5337,1.3021
137,4.8501,,1.370000e-04,0.0704,0.2695,1.2425
180,4.8478,,1.800000e-04,0.0705,0.5232,1.4471
138,4.8548,,1.380000e-04,0.0704,0.2808,1.4785
181,4.8447,,1.810000e-04,0.0705,0.5590,1.4045
139,4.8479,,1.390000e-04,0.0704,0.2827,1.4479
182,4.8649,,1.820000e-04,0.0705,0.6478,1.3361
140,4.8442,,1.400000e-04,0.0704,0.2962,1.2539
183,4.8512,,1.830000e-04,0.0705,0.4493,1.3862
141,4.8592,,1.410000e-04,0.0704,0.3156,1.5176
184,4.8570,,1.840000e-04,0.0705,0.4613,1.5139
142,4.8515,,1.420000e-04,0.0704,0.3019,1.4329
185,4.8555,,1.850000e-04,0.0705,0.4431,1.2795
143,4.8503,,1.430000e-04,0.0704,0.3320,1.2479
186,4.8425,,1.860000e-04,0.0705,0.4656,1.4523
144,4.8596,,1.440000e-04,0.0704,0.3586,1.4684
187,4.8331,,1.870000e-04,0.0705,0.3869,1.0759
145,4.8514,,1.450000e-04,0.0704,0.4053,1.1876
188,4.8455,,1.880000e-04,0.0705,0.3605,1.1403
146,4.8590,,1.460000e-04,0.0704,0.3515,1.2215
189,4.8421,,1.890000e-04,0.0705,0.3490,1.0983
147,4.8451,,1.470000e-04,0.0704,0.3217,1.1136
190,4.8395,,1.900000e-04,0.0706,0.3286,1.0964
148,4.8456,,1.480000e-04,0.0704,0.2905,1.1316
